{
    "ACSF1": {
        "score_transfer": 0.8,
        "score_tsfresh": 0.67
    },
    "Adiac": {
        "score_transfer": 0.659846547314578,
        "score_tsfresh": 0.45268542199488493
    },
    "ArrowHead": {
        "score_transfer": 0.7485714285714286,
        "score_tsfresh": 0.6285714285714286
    },
    "BME": {
        "score_transfer": 0.94,
        "score_tsfresh": 0.9866666666666667
    },
    "Beef": {
        "score_transfer": 0.9333333333333333,
        "score_tsfresh": 0.7
    },
    "BeetleFly": {
        "score_transfer": 0.75,
        "score_tsfresh": 0.85
    },
    "BirdChicken": {
        "score_transfer": 0.9,
        "score_tsfresh": 0.85
    },
    "CBF": {
        "score_transfer": 0.34,
        "score_tsfresh": 0.9933333333333333
    },
    "Car": {
        "score_transfer": 0.85,
        "score_tsfresh": 0.7
    },
    "ChlorineConcentration": {
        "score_transfer": 0.6276041666666666,
        "score_tsfresh": 0.5322916666666667
    },
    "CinCECGTorso": {
        "score_transfer": 0.8333333333333334,
        "score_tsfresh": 0.822463768115942
    },
    "Coffee": {
        "score_transfer": 0.9285714285714286,
        "score_tsfresh": 1.0
    },
    "Computers": {
        "score_transfer": 0.728,
        "score_tsfresh": 0.696
    },
    "CricketX": {
        "score_transfer": 0.6256410256410256,
        "score_tsfresh": 0.5871794871794872
    },
    "CricketY": {
        "score_transfer": 0.6820512820512821,
        "score_tsfresh": 0.6102564102564103
    },
    "CricketZ": {
        "score_transfer": 0.6948717948717948,
        "score_tsfresh": 0.6743589743589744
    },
    "DiatomSizeReduction": {
        "score_transfer": 0.9477124183006536,
        "score_tsfresh": 0.934640522875817
    },
    "ECG5000": {
        "score_transfer": 0.9406666666666667,
        "score_tsfresh": 0.9364444444444444
    },
    "ECGFiveDays": {
        "score_transfer": 0.4959349593495935,
        "score_tsfresh": 0.9024390243902439
    },
    "EOGHorizontalSignal": {
        "score_transfer": 0.5607734806629834,
        "score_tsfresh": 0.36187845303867405
    },
    "EOGVerticalSignal": {
        "score_transfer": 0.43646408839779005,
        "score_tsfresh": 0.42265193370165743
    },
    "Earthquakes": {
        "score_transfer": 0.7482014388489209,
        "score_tsfresh": 0.7482014388489209
    },
    "EthanolLevel": {
        "score_transfer": 0.562,
        "score_tsfresh": 0.476
    },
    "FaceAll": {
        "score_transfer": 0.934319526627219,
        "score_tsfresh": 0.8928994082840237
    },
    "FaceFour": {
        "score_transfer": 0.875,
        "score_tsfresh": 0.7386363636363636
    },
    "FacesUCR": {
        "score_transfer": 0.0624390243902439,
        "score_tsfresh": 0.8141463414634146
    },
    "FiftyWords": {
        "score_transfer": 0.6681318681318681,
        "score_tsfresh": 0.4989010989010989
    },
    "Fish": {
        "score_transfer": 0.8914285714285715,
        "score_tsfresh": 0.8628571428571429
    },
    "FordA": {
        "score_transfer": 0.9401515151515152,
        "score_tsfresh": 0.9992424242424243
    },
    "FordB": {
        "score_transfer": 0.8111111111111111,
        "score_tsfresh": 0.7925925925925926
    },
    "FreezerRegularTrain": {
        "score_transfer": 0.9975438596491228,
        "score_tsfresh": 0.9680701754385965
    },
    "FreezerSmallTrain": {
        "score_transfer": 0.8249122807017544,
        "score_tsfresh": 0.7936842105263158
    },
    "Fungi": {
        "score_transfer": 0.8763440860215054,
        "score_tsfresh": 0.5913978494623656
    },
    "GunPoint": {
        "score_transfer": 0.9533333333333334,
        "score_tsfresh": 0.94
    },
    "GunPointAgeSpan": {
        "score_transfer": 0.9651898734177216,
        "score_tsfresh": 0.9620253164556962
    },
    "GunPointMaleVersusFemale": {
        "score_transfer": 0.990506329113924,
        "score_tsfresh": 0.9841772151898734
    },
    "GunPointOldVersusYoung": {
        "score_transfer": 0.9650793650793651,
        "score_tsfresh": 0.9555555555555556
    },
    "Ham": {
        "score_transfer": 0.6666666666666666,
        "score_tsfresh": 0.6666666666666666
    },
    "HandOutlines": {
        "score_transfer": 0.8864864864864865,
        "score_tsfresh": 0.8783783783783784
    },
    "Haptics": {
        "score_transfer": 0.5064935064935064,
        "score_tsfresh": 0.4642857142857143
    },
    "Herring": {
        "score_transfer": 0.59375,
        "score_tsfresh": 0.59375
    },
    "HouseTwenty": {
        "score_transfer": 0.9411764705882353,
        "score_tsfresh": 0.9411764705882353
    },
    "InlineSkate": {
        "score_transfer": 0.3563636363636364,
        "score_tsfresh": 0.35454545454545455
    },
    "InsectEPGRegularTrain": {
        "score_transfer": 0.9477911646586346,
        "score_tsfresh": 0.9718875502008032
    },
    "InsectEPGSmallTrain": {
        "score_transfer": 0.8714859437751004,
        "score_tsfresh": 0.8152610441767069
    },
    "InsectWingbeatSound": {
        "score_transfer": 0.6484848484848484,
        "score_tsfresh": 0.5823232323232324
    },
    "LargeKitchenAppliances": {
        "score_transfer": 0.7253333333333334,
        "score_tsfresh": 0.752
    },
    "Lightning2": {
        "score_transfer": 0.7213114754098361,
        "score_tsfresh": 0.7377049180327869
    },
    "Lightning7": {
        "score_transfer": 0.136986301369863,
        "score_tsfresh": 0.6575342465753424
    },
    "Mallat": {
        "score_transfer": 0.9219616204690831,
        "score_tsfresh": 0.940724946695096
    },
    "Meat": {
        "score_transfer": 0.8833333333333333,
        "score_tsfresh": 0.8833333333333333
    },
    "MixedShapesRegularTrain": {
        "score_transfer": 0.9538144329896907,
        "score_tsfresh": 0.9228865979381443
    },
    "MixedShapesSmallTrain": {
        "score_transfer": 0.8923711340206185,
        "score_tsfresh": 0.8849484536082475
    },
    "NonInvasiveFetalECGThorax1": {
        "score_transfer": 0.8997455470737914,
        "score_tsfresh": 0.8498727735368957
    },
    "NonInvasiveFetalECGThorax2": {
        "score_transfer": 0.9078880407124682,
        "score_tsfresh": 0.8697201017811704
    },
    "OSULeaf": {
        "score_transfer": 0.8181818181818182,
        "score_tsfresh": 0.8388429752066116
    },
    "OliveOil": {
        "score_transfer": 0.8,
        "score_tsfresh": 0.8
    },
    "Phoneme": {
        "score_transfer": 0.2790084388185654,
        "score_tsfresh": 0.23945147679324894
    },
    "PigAirwayPressure": {
        "score_transfer": 0.08653846153846154,
        "score_tsfresh": 0.08653846153846154
    },
    "PigArtPressure": {
        "score_transfer": 0.5240384615384616,
        "score_tsfresh": 0.4375
    },
    "PigCVP": {
        "score_transfer": 0.42788461538461536,
        "score_tsfresh": 0.3269230769230769
    },
    "Plane": {
        "score_transfer": 1.0,
        "score_tsfresh": 1.0
    },
    "PowerCons": {
        "score_transfer": 0.9333333333333333,
        "score_tsfresh": 0.9166666666666666
    },
    "RefrigerationDevices": {
        "score_transfer": 0.544,
        "score_tsfresh": 0.6
    },
    "Rock": {
        "score_transfer": 0.88,
        "score_tsfresh": 0.9
    },
    "ScreenType": {
        "score_transfer": 0.528,
        "score_tsfresh": 0.4613333333333333
    },
    "SemgHandGenderCh2": {
        "score_transfer": 0.915,
        "score_tsfresh": 0.8716666666666667
    },
    "SemgHandMovementCh2": {
        "score_transfer": 0.54,
        "score_tsfresh": 0.52
    },
    "SemgHandSubjectCh2": {
        "score_transfer": 0.8911111111111111,
        "score_tsfresh": 0.8444444444444444
    },
    "ShapeletSim": {
        "score_transfer": 0.5166666666666667,
        "score_tsfresh": 1.0
    },
    "ShapesAll": {
        "score_transfer": 0.8016666666666666,
        "score_tsfresh": 0.7066666666666667
    },