{
    "Aizawa": {
        "SINDY-poly": 0.07825497690584475,
        "SINDY-fourier": 0.15706624327577237
    },
    "AnishchenkoAstakhov": {
        "SINDY-poly": 0.14098018260106693,
        "SINDY-fourier": 0.48049534895742113
    },
    "Arneodo": {
        "SINDY-poly": 0.018578840439077034,
        "SINDY-fourier": 0.5207469776175759
    },
    "ArnoldBeltramiChildress": {
        "SINDY-poly": 0.8676527149218797,
        "SINDY-fourier": 0.7095433346874758
    },
    "ArnoldWeb": {
        "SINDY-poly": 1.0,
        "SINDY-fourier": 1.0
    },
    "BeerRNN": {
        "SINDY-poly": 1.0,
        "SINDY-fourier": 1.0
    },
    "BelousovZhabotinsky": {
        "SINDY-poly": 0.16147799871837962,
        "SINDY-fourier": 0.23526546899844508
    },
    "BickleyJet": {
        "SINDY-poly": 1.0,
        "SINDY-fourier": 1.0
    },
    "Blasius": {
        "SINDY-poly": 0.13962834560682005,
        "SINDY-fourier": 0.679850790631168
    },
    "BlinkingRotlet": {
        "SINDY-poly": 0.9426477302552414,
        "SINDY-fourier": 0.8040878323799023
    },
    "BlinkingVortex": {
        "SINDY-poly": 0.7877625328900102,
        "SINDY-fourier": 0.8090198850273791
    },
    "Bouali": {
        "SINDY-poly": 0.19375544418625756,
        "SINDY-fourier": 0.5619176763752313
    },
    "Bouali2": {
        "SINDY-poly": 0.5581765979636113,
        "SINDY-fourier": 0.9647103210038813
    },
    "BurkeShaw": {
        "SINDY-poly": 0.2659256760734175,
        "SINDY-fourier": 0.5469895172199383
    },
    "CaTwoPlus": {
        "SINDY-poly": 0.11987179868542791,
        "SINDY-fourier": 0.08706717114687758
    },
    "CaTwoPlusQuasiperiodic": {
        "SINDY-poly": 0.16265411918694705,
        "SINDY-fourier": 0.11881423833017621
    },
    "CellCycle": {
        "SINDY-poly": 1.0,
        "SINDY-fourier": 1.0
    },
    "CellularNeuralNetwork": {
        "SINDY-poly": 0.22251888555269403,
        "SINDY-fourier": 0.0806958250330416
    },
    "Chen": {
        "SINDY-poly": 0.07831986837468984,
        "SINDY-fourier": 0.6936926187083639
    },
    "ChenLee": {
        "SINDY-poly": 0.4712601628955455,
        "SINDY-fourier": 0.754998397860438
    },
    "Chua": {
        "SINDY-poly": 0.018126012651038283,
        "SINDY-fourier": 0.06345804855523401
    },
    "CircadianRhythm": {
        "SINDY-poly": 0.27917167573481055,
        "SINDY-fourier": 0.6608191862334636
    },
    "CoevolvingPredatorPrey": {
        "SINDY-poly": 1.0,
        "SINDY-fourier": 1.0
    },
    "Colpitts": {
        "SINDY-poly": 0.4388333005285104,
        "SINDY-fourier": 0.09291219790572748
    },
    "Coullet": {
        "SINDY-poly": 0.018620799582739215,
        "SINDY-fourier": 0.01389006151483293
    },
    "Dadras": {
        "SINDY-poly": 0.36884785380899177,
        "SINDY-fourier": 0.6920615814817939
    },
    "DequanLi": {
        "SINDY-poly": 0.019547292287621882,
        "SINDY-fourier": 0.7944811606049984
    },
    "DoubleGyre": {
        "SINDY-poly": 0.4067242304110819,
        "SINDY-fourier": 0.7114132696292065
    },
    "DoublePendulum": {
        "SINDY-poly": 0.5662312703211675,
        "SINDY-fourier": 0.7413856826901036
    },
    "Duffing": {
        "SINDY-poly": 0.7748778300744535,
        "SINDY-fourier": 0.6047114635165591
    },
    "ExcitableCell": {
        "SINDY-poly": 0.7123152636819708,
        "SINDY-fourier": 0.8969776017692398
    },
    "Finance": {
        "SINDY-poly": 0.1567952338635204,
        "SINDY-fourier": 0.21405114432817424
    },
    "FluidTrampoline": {
        "SINDY-poly": 0.7162801149535583,
        "SINDY-fourier": 0.7285012352900582
    },
    "ForcedBrusselator": {
        "SINDY-poly": 0.4889754346866544,
        "SINDY-fourier": 1.0
    },
    "ForcedFitzHughNagumo": {
        "SINDY-poly": 1.0,
        "SINDY-fourier": 1.0
    },
    "ForcedVanDerPol": {
        "SINDY-poly": 0.761046641138285,
        "SINDY-fourier": 0.8089101379619942
    },
    "GenesioTesi": {
        "SINDY-poly": 0.015519331835689779,
        "SINDY-fourier": 0.014246058422368394
    },
    "GuckenheimerHolmes": {
        "SINDY-poly": 0.07980132822576698,
        "SINDY-fourier": 0.7372319587229552
    },
    "Hadley": {
        "SINDY-poly": 0.04211896922681839,
        "SINDY-fourier": 0.3574593531234049
    },
    "Halvorsen": {
        "SINDY-poly": 0.12601718319925267,
        "SINDY-fourier": 0.684319915999488
    },
    "HastingsPowell": {
        "SINDY-poly": 1.0,
        "SINDY-fourier": 1.0
    },
    "HenonHeiles": {
        "SINDY-poly": 0.02315136450132385,
        "SINDY-fourier": 0.1347490762088799
    },
    "HindmarshRose": {
        "SINDY-poly": 0.17203882641368673,
        "SINDY-fourier": 0.24918746959805266
    },
    "Hopfield": {
        "SINDY-poly": 0.3007155845349299,
        "SINDY-fourier": 0.3292136847813226
    },
    "HyperBao": {
        "SINDY-poly": 0.07277636675748757,
        "SINDY-fourier": 0.7333827760436781
    },
    "HyperCai": {
        "SINDY-poly": 0.07317221344759603,
        "SINDY-fourier": 0.7320623579306973
    },
    "HyperJha": {
        "SINDY-poly": 0.09745861687233842,
        "SINDY-fourier": 0.7398738604217379
    },
    "HyperLorenz": {
        "SINDY-poly": 0.15568608484971813,
        "SINDY-fourier": 0.7443649560483357
    },
    "HyperLu": {
        "SINDY-poly": 0.13313365007784897,
        "SINDY-fourier": 0.7266808174173779
    },
    "HyperPang": {
        "SINDY-poly": 0.14063657111142572,
        "SINDY-fourier": 0.6801167989183763
    },
    "HyperQi": {
        "SINDY-poly": 0.15648918063124895,
        "SINDY-fourier": 0.732430209203393
    },
    "HyperRossler": {
        "SINDY-poly": 0.48762259604892694,
        "SINDY-fourier": 0.7210671825923602
    },
    "HyperWang": {
        "SINDY-poly": 0.0767282014146674,
        "SINDY-fourier": 0.7625652244571111
    },
    "HyperXu": {
        "SINDY-poly": 0.17721567928103713,
        "SINDY-fourier": 0.6836237233312507
    },
    "HyperYan": {
        "SINDY-poly": 0.18306688052376097,
        "SINDY-fourier": 0.6699210911198383
    },
    "HyperYangChen": {
        "SINDY-poly": 0.17105181322938773,
        "SINDY-fourier": 0.7536052024039765
    },
    "IkedaDelay": {
        "SINDY-poly": 0.9910544340767846,
        "SINDY-fourier": 0.9938362020260079
    },
    "IsothermalChemical": {
        "SINDY-poly": 0.06387860631197083,
        "SINDY-fourier": 0.048851454828797394
    },
    "ItikBanksTumor": {
        "SINDY-poly": 0.8124512653911189,
        "SINDY-fourier": 1.0
    },
    "JerkCircuit": {
        "SINDY-poly": 0.4092000212708182,
        "SINDY-fourier": 0.4276453539573993
    },
    "KawczynskiStrizhak": {
        "SINDY-poly": 0.13747962833640018,
        "SINDY-fourier": 0.28929983485402233
    },
    "Laser": {
        "SINDY-poly": 0.22944384451846456,
        "SINDY-fourier": 0.44203102696248
    },
    "LiuChen": {
        "SINDY-poly": 0.9724782949993606,
        "SINDY-fourier": 0.9592190277894918
    },
    "Lorenz": {
        "SINDY-poly": 0.2298335791769586,
        "SINDY-fourier": 0.7503878798800375
    },
    "Lorenz84": {
        "SINDY-poly": 0.6645114904564813,
        "SINDY-fourier": 0.6659932197199946
    },
    "Lorenz96": {
        "SINDY-poly": 0.45972759121207357,
        "SINDY-fourier": 0.7520459508996409
    },
    "LorenzBounded": {
        "SINDY-poly": 0.11869626948396077,
        "SINDY-fourier": 0.7517232520149336
    },
    "LorenzCoupled": {
        "SINDY-poly": 0.15017190277151127,
        "SINDY-fourier": 0.679658032054803
    },
    "LorenzStenflo": {
        "SINDY-poly": 0.21956111527322725,
        "SINDY-fourier": 0.6666720803942128
    },
    "LuChen": {
        "SINDY-poly": 0.4678576223020343,
        "SINDY-fourier": 0.6974391599073804
    },
    "LuChenCheng": {
        "SINDY-poly": 0.14810779003074212,
        "SINDY-fourier": 0.7260060784166427
    },
    "MacArthur": {
        "SINDY-poly": 0.7835966659131559,