{
    "ACSF1": {
        "score_tsfresh": 0.77
    },
    "Adiac": {
        "score_tsfresh": 0.5549872122762148
    },
    "AllGestureWiimoteX": {
        "score_tsfresh": 0.6285714285714286
    },
    "AllGestureWiimoteY": {
        "score_tsfresh": 0.6542857142857142
    },
    "AllGestureWiimoteZ": {
        "score_tsfresh": 0.5157142857142857
    },
    "ArrowHead": {
        "score_tsfresh": 0.6857142857142857
    },
    "BME": {
        "score_tsfresh": 1.0
    },
    "Beef": {
        "score_tsfresh": 0.8666666666666667
    },
    "BeetleFly": {
        "score_tsfresh": 0.8
    },
    "BirdChicken": {
        "score_tsfresh": 0.85
    },
    "CBF": {
        "score_tsfresh": 0.9933333333333333
    },
    "Car": {
        "score_tsfresh": 0.7166666666666667
    },
    "Chinatown": {
        "score_tsfresh": 0.9737609329446064
    },
    "ChlorineConcentration": {
        "score_tsfresh": 0.6135416666666667
    },
    "CinCECGTorso": {
        "score_tsfresh": 0.8021739130434783
    },
    "Coffee": {
        "score_tsfresh": 1.0
    },
    "Computers": {
        "score_tsfresh": 0.716
    }
}