{
    "ACSF1": {
        "score_transfer": 0.8,
        "score_tsfresh": 0.67,
        "score_random": 0.82
    },
    "Adiac": {
        "score_transfer": 0.6828644501278772,
        "score_tsfresh": 0.45268542199488493,
        "score_random": 0.5652173913043478
    },
    "ArrowHead": {
        "score_transfer": 0.8057142857142857,
        "score_tsfresh": 0.6285714285714286,
        "score_random": 0.7714285714285715
    },
    "BME": {
        "score_transfer": 0.94,
        "score_tsfresh": 0.9866666666666667,
        "score_random": 0.8933333333333333
    },
    "Beef": {
        "score_transfer": 0.9333333333333333,
        "score_tsfresh": 0.7,
        "score_random": 0.8333333333333334
    },
    "BeetleFly": {
        "score_transfer": 0.85,
        "score_tsfresh": 0.8,
        "score_random": 0.8
    },
    "BirdChicken": {
        "score_transfer": 0.9,
        "score_tsfresh": 0.85,
        "score_random": 0.8
    },
    "CBF": {
        "score_transfer": 0.9933333333333333,
        "score_tsfresh": 0.9933333333333333,
        "score_random": 0.9022222222222223
    },
    "Car": {
        "score_transfer": 0.85,
        "score_tsfresh": 0.7,
        "score_random": 0.7833333333333333
    },
    "ChlorineConcentration": {
        "score_transfer": 0.6276041666666666,
        "score_tsfresh": 0.5322916666666667,
        "score_random": 0.7104166666666667
    },
    "CinCECGTorso": {
        "score_transfer": 0.8333333333333334,
        "score_tsfresh": 0.822463768115942,
        "score_random": 0.7731884057971015
    },
    "Coffee": {
        "score_transfer": 1.0,
        "score_tsfresh": 1.0,
        "score_random": 1.0
    },
    "Computers": {
        "score_transfer": 0.728,
        "score_tsfresh": 0.696,
        "score_random": 0.644
    },
    "CricketX": {
        "score_transfer": 0.6256410256410256,
        "score_tsfresh": 0.5871794871794872,
        "score_random": 0.5717948717948718
    },
    "CricketY": {
        "score_transfer": 0.6820512820512821,
        "score_tsfresh": 0.6102564102564103,
        "score_random": 0.5923076923076923
    },
    "CricketZ": {
        "score_transfer": 0.6948717948717948,
        "score_tsfresh": 0.6743589743589744,
        "score_random": 0.6538461538461539
    },
    "DiatomSizeReduction": {
        "score_transfer": 0.96078431372549020,
        "score_tsfresh": 0.934640522875817,
        "score_random": 0.9477124183006536
    },
    "ECG5000": {
        "score_transfer": 0.9406666666666667,
        "score_tsfresh": 0.9364444444444444,
        "score_random": 0.9428888888888889
    },
    "ECGFiveDays": {
        "score_transfer": 0.7363530778164924,
        "score_tsfresh": 0.9024390243902439,
        "score_random": 0.47735191637630664
    },
    "EOGHorizontalSignal": {
        "score_transfer": 0.5607734806629834,
        "score_tsfresh": 0.36187845303867405,
        "score_random": 0.4972375690607735
    },
    "EOGVerticalSignal": {
        "score_transfer": 0.494475138121547,
        "score_tsfresh": 0.42265193370165743,
        "score_random": 0.42265193370165743
    },
    "Earthquakes": {
        "score_transfer": 0.782608695652174,
        "score_tsfresh": 0.7482014388489209,
        "score_random": 0.6925465838509317
    },
    "EthanolLevel": {
        "score_transfer": 0.562,
        "score_tsfresh": 0.476,
        "score_random": 0.508
    },
    "FaceAll": {
        "score_transfer": 0.9644970414201184,
        "score_tsfresh": 0.8928994082840237,
        "score_random": 0.9011834319526627
    },
    "FaceFour": {
        "score_transfer": 0.875,
        "score_tsfresh": 0.7386363636363636,
        "score_random": 0.7613636363636364
    },
    "FacesUCR": {
        "score_transfer": 0.8312195121951219,
        "score_tsfresh": 0.8141463414634146,
        "score_random": 0.7180487804878048
    },
    "FiftyWords": {
        "score_transfer": 0.734065934065934,
        "score_tsfresh": 0.4989010989010989,
        "score_random": 0.6263736263736264
    },
    "Fish": {
        "score_transfer": 0.92,
        "score_tsfresh": 0.8628571428571429,
        "score_random": 0.8228571428571428
    },
    "FordA": {
        "score_transfer": 0.9795454545454545,
        "score_tsfresh": 0.9992424242424243,
        "score_random": 0.9181818181818182
    },
    "FordB": {
        "score_transfer": 0.8111111111111111,
        "score_tsfresh": 0.7925925925925926,
        "score_random": 0.8012345679012346
    },
    "FreezerRegularTrain": {
        "score_transfer": 0.9975438596491228,
        "score_tsfresh": 0.9680701754385965,
        "score_random": 0.9954385964912281
    },
    "FreezerSmallTrain": {
        "score_transfer": 0.8249122807017544,
        "score_tsfresh": 0.7936842105263158,
        "score_random": 0.8238596491228071
    },
    "Fungi": {
        "score_transfer": 0.8763440860215054,
        "score_tsfresh": 0.5913978494623656,
        "score_random": 0.8763440860215054
    },
    "GunPoint": {
        "score_transfer": 0.9533333333333334,
        "score_tsfresh": 0.94,
        "score_random": 0.9666666666666667
    },
    "GunPointAgeSpan": {
        "score_transfer": 0.9651898734177216,
        "score_tsfresh": 0.9620253164556962,
        "score_random": 0.9810126582278481
    },
    "GunPointMaleVersusFemale": {
        "score_transfer": 0.990506329113924,
        "score_tsfresh": 0.9841772151898734,
        "score_random": 0.9936708860759493
    },
    "GunPointOldVersusYoung": {
        "score_transfer": 0.9650793650793651,
        "score_tsfresh": 0.9555555555555556,
        "score_random": 0.946031746031746
    },
    "Ham": {
        "score_transfer": 0.6666666666666666,
        "score_tsfresh": 0.6666666666666666,
        "score_random": 0.6476190476190476
    },
    "HandOutlines": {
        "score_transfer": 0.8864864864864865,
        "score_tsfresh": 0.8783783783783784,
        "score_random": 0.8891891891891892
    },
    "Haptics": {
        "score_transfer": 0.5064935064935064,
        "score_tsfresh": 0.4642857142857143,
        "score_random": 0.474025974025974
    },
    "Herring": {
        "score_transfer": 0.609375,
        "score_tsfresh": 0.53125,
        "score_random": 0.515625
    },
    "HouseTwenty": {
        "score_transfer": 0.9411764705882353,
        "score_tsfresh": 0.9411764705882353,
        "score_random": 0.9108910891089109
    },
    "InlineSkate": {
        "score_transfer": 0.4018181818181818,
        "score_tsfresh": 0.35454545454545455,
        "score_random": 0.3836363636363636
    },
    "InsectEPGRegularTrain": {
        "score_transfer": 0.9477911646586346,
        "score_tsfresh": 0.9718875502008032,
        "score_random": 0.9357429718875502
    },
    "InsectEPGSmallTrain": {
        "score_transfer": 0.8714859437751004,
        "score_tsfresh": 0.8152610441767069,
        "score_random": 0.8875502008032129
    },
    "InsectWingbeatSound": {
        "score_transfer": 0.6484848484848484,
        "score_tsfresh": 0.5823232323232324,
        "score_random": 0.6121212121
    },
    "LargeKitchenAppliances": {
        "score_transfer": 0.7253333333333334,
        "score_tsfresh": 0.752,
        "score_random": 0.3333333333333333
    },
    "Lightning2": {
        "score_transfer": 0.7213114754098361,
        "score_tsfresh": 0.7377049180327869,
        "score_random": 0.7049180327868853
    },
    "Lightning7": {
        "score_transfer": 0.5205479452054794,
        "score_tsfresh": 0.6575342465753424,
        "score_random": 0.136986301369863
    },
    "Mallat": {
        "score_transfer": 0.9219616204690831,
        "score_tsfresh": 0.940724946695096,
        "score_random": 0.9014925373
    },
    "Meat": {
        "score_transfer": 0.9,
        "score_tsfresh": 0.8833333333333333,
        "score_random": 0.9
    },
    "MixedShapesRegularTrain": {
        "score_transfer": 0.9538144329896907,
        "score_tsfresh": 0.9228865979381443,
        "score_random": 0.9509278350515464
    },